name,website,state,market
AK Frost,https://ak-frost.com,AK,rec+medical
AK Slowburn Cannabis Outlet,https://akslowburn.com,AK,rec+medical
Alaska Buds,https://alaskabuds.com,AK,rec+medical
Alaska's Green Light District,https://akgreenlight.com,AK,rec+medical
Alaskan Leaf,https://alaskanleaf.com,AK,rec+medical
AM Delight,https://amdelightak.com,AK,rec+medical
Boomtown Buds,https://boomtownbuds.com,AK,rec+medical
Cannabaska,https://cannabaska.com,AK,rec+medical
Catalyst Cannabis Co.,https://catalystcannabisco.com,AK,rec+medical
Cosmic Cannabis Company,https://cosmiccannabisak.com,AK,rec+medical
Croy's Cannabis Company,https://croyscannabiscompany.com,AK,rec+medical
Dankorage LLC,https://dankorage.com,AK,rec+medical
Denali's Cannabis Cache,https://denaliscache.com,AK,rec+medical
GoodSinse,https://goodsinse.com,AK,rec+medical
Great Northern Cannabis,https://greatnortherncannabis.com,AK,rec+medical
Laughing Salmon,https://instagram.com,AK,rec+medical
Mary Janes Cannabis Emporium,https://maryjanesce.com,AK,rec+medical
Northern Lights Indoor Gardens,https://northernlightsindoorgardens.com,AK,rec+medical
Pakalolo Supply Company,https://pakalolosupplyco.com,AK,rec+medical
Primo,https://primoak.com,AK,rec+medical
Rainforest Farms,https://rainforestfarms.org,AK,rec+medical
Raspberry Roots,https://raspberryroots.com,AK,rec+medical
Satori,https://satorialaska.com,AK,rec+medical
The Stoney Moose,https://thestoneymoose.com,AK,rec+medical
Uncle Herb's,https://uncleherbsak.com,AK,rec+medical
Altius,https://altiusdispensary.com,IL,rec+medical
BaM Body and Mind,https://bodyandmind.com,IL,rec+medical
Bud and Rita's - Niles,https://budandritas.com,IL,rec+medical
Chanvre,https://bychanvre.com,IL,rec+medical
Chi'Tiva,https://chitiva.co,IL,rec+medical
Cloud9 Cannabis,https://cloud9cannabis.com,IL,rec+medical
Columbia Care,https://col-care.com,IL,rec+medical
Consume,https://consumecannabis.com,IL,rec+medical
Dispensary33,https://dispensary33.com,IL,rec+medical
Emerald - Island Lake,https://emeraldthc.com,IL,rec+medical
Grasshopper Club,https://grasshopperclub.com,IL,rec+medical
Green Rose Dispensary,https://shop.greenroseil.com,IL,rec+medical
Green Zone,https://leafly.com,IL,rec+medical
Greenhouse Group,https://greenhouseil.com,IL,rec+medical
Hatch - Wheeling,https://gohatch.com,IL,rec+medical
Herbal Remedies Dispensary,https://herbalremediesil.com,IL,rec+medical
Illinois Supply & Provisions,https://illinoissandp.com,IL,rec+medical
Ivy Hall,https://ivyhalldispensary.com,IL,rec+medical
Key Cannabis Dispensary,https://tjsfinejewelry.com,IL,rec+medical
Kiss Glass,https://kissglass.net,IL,rec+medical
Legal Smile,https://legalsmileglass.com,IL,rec+medical
Maribis of Chicago,https://maribisllc.com,IL,rec+medical
Medical Cannabis Outreach,https://medicalcannabisoutreach.com,IL,rec+medical
Midway Dispensary,https://midwaydispensary.com,IL,rec+medical
MOCA Modern Cannabis,https://moderncann.com,IL,rec+medical
Mystic Greenz,https://mysticgreenz.com,IL,rec+medical
Namaste Dispensary,https://namastecannabis.com,IL,rec+medical
NuEra,https://nueracannabis.com,IL,rec+medical
OKAY Cannabis,https://okaycannabis.com,IL,rec+medical
OKAY Cannabis Dispensary,https://dutchie.com,IL,rec+medical
Perception Cannabis,https://perceptioncannabis.com,IL,rec+medical
Phili Dispensary,https://philidispensary.com,IL,rec+medical
Prairie Cannabis,https://prairiecannabis.com,IL,rec+medical
Shangri-La Dispensary,https://shangriladispensaries.com,IL,rec+medical
Share,https://everyoneshares.com,IL,rec+medical
Sociale Dispensary,https://socialedispensary.com,IL,rec+medical
Spark'd Dispensary,https://sparkdcannabis.com,IL,rec+medical
Star Buds,https://shop.starbuds.us,IL,rec+medical
Terrabis,https://terrabis.co,IL,rec+medical
The Dispensary,https://thedispensaryfulton.com,IL,rec+medical
Thrive Dispensary,https://thriveil.com;https:,IL,rec+medical
Thrive Mount Vernon,https://thriveil.com,IL,rec+medical
Trinity on Glen,https://trinitymmj.com,IL,rec+medical
Wake-N-Bakery,https://wakenbakery.net,IL,rec+medical
Windy City Dispensary,https://windycitycannabis.com,IL,rec+medical
Zen Leaf,https://thethccenter.com,IL,rec+medical
Zen Leaf,https://zenleafil.com,IL,rec+medical
Belevedere Cannabis Doctors,https://belvederecannabisdocs.com,MD,rec+medical
Blue Ridge Wellness,https://blueridgewellnessmd.com,MD,rec+medical
CULTA,https://culta.com,MD,rec+medical
Curio Wellness,https://calicocorners.com,MD,rec+medical
Enlightened Dispensary,https://enlighteneddispensary.com,MD,rec+medical
Four Green Fields,https://fourgreenfieldsllc.com,MD,rec+medical
Goldleaf,https://goldleafmd.com,MD,rec+medical
Green Point Dispensary,https://gpwellness.com,MD,rec+medical
Health For Life,https://healthforlifedispensaries.com,MD,rec+medical
Kip,https://kipcan.com,MD,rec+medical
Liberty Cannabis,https://mpsbaltimore.com,MD,rec+medical
Mana Supply Company,https://manasupply.com,MD,rec+medical
Nature's Care & Wellness,https://ncwmedical.com,MD,rec+medical
Ritual Dispensary,https://ritualdispensary.com,MD,rec+medical
Self Health,https://thinkself.health,MD,rec+medical
Serenity Medical Evaluations,https://serenitymedicalevaluations.com,MD,rec+medical
Seventh Sense Botanical Therapy,https://shopseventhsense.com,MD,rec+medical
Sweet Buds Dispensary,https://mysweetbuds.com,MD,rec+medical
Sweetspot Cannabis Dispensary Olney,https://sweetspotfarms.com,MD,rec+medical
Trilogy Medical Dispensary,https://trilogy.health,MD,rec+medical
207 Hydro Farms,https://207hydro.com,ME,rec+medical
American ReLeaf,https://americanreleaf.com,ME,rec+medical
Caniba,https://canibanaturals.com,ME,rec+medical
East Coast Gold Store,https://ecgextracts.com,ME,rec+medical
Firestorm Cannabis Co.,https://firestormorono.wm.store,ME,rec+medical
Full Bloom Cannabis,https://fullbloomcannabis.com,ME,rec+medical
Ganja World Mesical Cannabis,https://mygnp.com,ME,rec+medical
New England Reserve,https://newenglandreserve.com,ME,rec+medical
Pho King Great Cannabis: Recreational,https://phokingweed.com,ME,rec+medical
Richardson Remedies,https://richardsonremedies.com,ME,rec+medical
Royal Leaf Apothecary,https://royalleafpot.com,ME,rec+medical
Safe Alternatives,https://safealternativesmaine.com,ME,rec+medical
Sweet Dirt,https://sweetdirt.com,ME,rec+medical
The Healing Community MEDCo,https://thcmedco.com,ME,rec+medical
Treeline Cannabis Co,https://treelinecannabis.com,ME,rec+medical
3Fifteen Cannabis,https://3fifteen.com,MI,rec+medical
420 Factory,https://detroit420factory.com,MI,rec+medical
Apothecare,https://apothecarecertifiedorganic.com,MI,rec+medical
Arbors Wellness,https://arborswellness.com,MI,rec+medical
Bloom City Club,https://bloomcityclub.com,MI,rec+medical
Budz Xclusive Cannabis,https://budzxclusive.wm.store,MI,rec+medical
Canapa Valley Farms,https://canapavalleyfarms.com,MI,rec+medical
Canna Vibes Emporium,https://mycannavibes.com,MI,rec+medical
CannaLife Wellness,https://cannalifewellness.com,MI,rec+medical
Choice Provisionary Center 2,https://choicelabs.com,MI,rec+medical
Cloud Cannabis,https://cloudcannabis.com,MI,rec+medical
Cookies Detroit,https://gagecannabis.com,MI,rec+medical
Detroit Herbal Center,https://dhc313.com,MI,rec+medical
Exclusive Ann Arbor Medical & Recreational Marijuana,https://exclusivemi.com,MI,rec+medical
Fire Island,https://fi-mi.com,MI,rec+medical
First Quality Medz,https://firstqualitymeds.com,MI,rec+medical
Flavors Detroit,https://flavorsdetroit.com,MI,rec+medical
Gatsby Company Dispensary,https://gatsbycannabis.com,MI,rec+medical
Grand Rapids Cannabis Company,https://grcannabisco.com,MI,rec+medical
Great Lakes Exotics Cannabis Company,https://weedmaps.com,MI,rec+medical
Green Acres Wellness Center,https://highqualityprovisioningcenter.com,MI,rec+medical
Green Pharm,https://getgreenpharm.com,MI,rec+medical
Green Planet Patient Collective,https://greenplaneta2.org,MI,rec+medical
Greener Days Recreational Retail,https://facebook.com,MI,rec+medical
Greenhouse of Walled Lake - Recreational and Medical Cannabis,https://greenhousemi.com,MI,rec+medical
Herbology Cannabis Co.,https://shophcc.com,MI,rec+medical
High Society Wellnes,https://highsocietydavison.com,MI,rec+medical
Higher Love Cannabis Co.,https://findhigherlove.com,MI,rec+medical
House of Dank Recreational Cannabis - Monroe,https://shophod.com,MI,rec+medical
House of Zen,https://houseofzendetroit.com,MI,rec+medical
Huron View,https://stickyannarbor.com,MI,rec+medical
Hyde Cannabis,https://hydecannabisco.com,MI,rec+medical
Information Entropy,https://informationentropy.com,MI,rec+medical
Inhale Detroit,https://inhaledetroit.wm.store,MI,rec+medical
Kinship Cannabis,https://kinshipcannabisco.com,MI,rec+medical
LaCannaville Dispensary,https://lacannavilledispo.com,MI,rec+medical
Lighthouse Dispensary,https://lighthousedispo.com,MI,rec+medical
Liv Cannibis Co.,https://livcannabis.com,MI,rec+medical
Lume. Cannabis Co.,https://lume.com,MI,rec+medical
Meds Cafe,https://medscafe.com,MI,rec+medical
MOOD420,https://mymood420.com,MI,rec+medical
Nature's Answer,https://naturesanswerinfo.com,MI,rec+medical
Nature's Medicines Dispensary,https://naturesmedicines.com,MI,rec+medical
Neighborhood Provisions,https://nprovisions.com,MI,rec+medical
New Standard,https://anewstandard.com,MI,rec+medical
Nirvana,https://nirvanacenter.com,MI,rec+medical
Olswell Cannabis Co.,https://olswell.com,MI,rec+medical
Om of Medicine,https://omofmedicine.org,MI,rec+medical
Parc Cannabis,https://parccannabis.com,MI,rec+medical
Plan B Wellness Center,https://planbwellnesscenter.com,MI,rec+medical
Planet Jane,https://planet-jane.com,MI,rec+medical
Pleasantrees Hamtramck,https://enjoypleasantrees.com,MI,rec+medical
Premier Provisioning Vassar,https://premierprovisioning.com,MI,rec+medical
Puff,https://puffutica.com,MI,rec+medical
Pure Lapeer Canna Medical & Recreational Dispensary Lapeer,https://purelapeerdispo.com,MI,rec+medical
Pure Options Frandor,https://pureoptions.com,MI,rec+medical
Pure West Compassion Club,https://purewestclub.com,MI,rec+medical
Quality Roots Cannabis Dispensary - Ypsilanti,https://getqualityroots.com,MI,rec+medical
Remedy Detroit,https://remedy313.com,MI,rec+medical
Skymint,https://skymint.com,MI,rec+medical
Smok Cannabis,https://shopsmok.com,MI,rec+medical
Sticky,https://stickyypsi.com,MI,rec+medical
Sticky Bush Farms (SBF),https://stickybushfarms.com,MI,rec+medical
THC Detroit,https://thcdetroit.com,MI,rec+medical
The Fire Station Cannabis Company,https://thefirestation.com,MI,rec+medical
The Flower Bowl,https://flowerbowl.com,MI,rec+medical
The Green Genie,https://geniecannabis.com,MI,rec+medical
The Green Mile,https://thegreenmiledetroit.com,MI,rec+medical
The Patient Station,https://thepatientstation.com,MI,rec+medical
The Plug,https://visittheplug.com,MI,rec+medical
The Reef Detroit,https://findthereef.com,MI,rec+medical
The Refinery Detroit,https://refinemi.com,MI,rec+medical
The Woods Detroit,https://thewoodsdetroit.com,MI,rec+medical
Treelated Health Center,https://treelatedhealthcenter.com,MI,rec+medical
Vibe Ann Arbor,https://letsvibe420.com,MI,rec+medical
Wacky Jackz,https://wackyjackz.com,MI,rec+medical
West Coast Meds,https://wm.store,MI,rec+medical
Apogee Gardens,https://apogeegardens.com,MT,rec+medical
Bloom Montana Dispensary,https://bloommt.com,MT,rec+medical
Double Dogs,https://ddcanna.com,MT,rec+medical
Grass Station 93,https://grassstationmt.com,MT,rec+medical
Montana Medicinals,https://mtmedicinals.com,MT,rec+medical
Seed of Life Labs,https://seedoflifelabs.com,MT,rec+medical
Silverleaf Helena,https://silverleaf406.com,MT,rec+medical
The Green Haus,https://thegreenhaus.com,MT,rec+medical
The Hi-Line Company,https://hi-line.co,MT,rec+medical
Top Shelf Botanicals,https://montana.topshelfbotanicals.com,MT,rec+medical
AC Leef,https://acleef.com,NJ,rec+medical
Anja,https://getanja.com,NJ,rec+medical
BLKBRN Dispensary,https://blkbrndispensary.com,NJ,rec+medical
Blue Oak Dispensary,https://blueoaknj.com,NJ,rec+medical
Bud 2 Bloom Dispensary,https://bud2bloomdispensary.com,NJ,rec+medical
BudZOOka Cannabis Dispensary,https://budzookanj.com,NJ,rec+medical
Castaway Cannabis,https://castawaycanna.com,NJ,rec+medical
Citi Roots Dispensary,https://citirootsnj.com,NJ,rec+medical
Hackettstown Dispensary,https://hackettstowndispensarynj.com,NJ,rec+medical
Herbalicity,https://herbalicity.com,NJ,rec+medical
High Street Dispensary,https://njhighstreet.com,NJ,rec+medical
La Vida Gardens Dispensary,https://lavidagardens.com,NJ,rec+medical
Legal Leaf New Jersey,https://legalleafnj.com,NJ,rec+medical
MASS GROWN,https://massgrownnj.com,NJ,rec+medical
Nightjar Cannabis,https://nightjarcannabis.com,NJ,rec+medical
NJ Leaf - North Brunswick,https://gsb-nj.com,NJ,rec+medical
Sky Cannabis,https://skycannanj.com,NJ,rec+medical
The Jersey Joint Dispensary,https://jerseyjointdispensary.com,NJ,rec+medical
Voltaire Dispensary,https://voltairecannabis.com,NJ,rec+medical
Zen Leaf,https://zenpeafdispensaries.com,NJ,rec+medical
420 Tea Time,https://420teatime.com,NM,rec
Amnesia Dispensary,https://amnesiadispensary.com,NM,rec
Best Daze - Eldorado,https://bestdaze.com,NM,rec
Cardiel Cannabis Co.,https://cardiel.co,NM,rec
Deming Cannabis Company,https://demingcannabis.com,NM,rec
Enchantment Growth,https://enchantmentgrowth.com,NM,rec
Everest Cannabis Co.,https://everestnm.com,NM,rec
Greenview Medical Cannabis Evaluations,https://greenviewnm.org,NM,rec
KURE Dispensary,https://kureforlife.com,NM,rec
Medicus Dispensary,https://medicusnm.com,NM,rec
Minerva Canna,https://minervacanna.com,NM,rec
Prohibition 37,https://p37cannabis.com,NM,rec
R. Greenleaf,https://rgreenleaf.com,NM,rec
Seven Clover,https://sevenclover.com,NM,rec
Southwest Cannabis,https://southwestcannabis.com,NM,rec
The Blazing Yucca,https://theblazingyuccallc.com,NM,rec
The Grass Station,https://thegrassstation.com,NM,rec
Ultra Health Portales Dispensary,https://ultrahealth.com,NM,rec
Vana Society Cannabis Dispensary,https://vanasociety.com,NM,rec
Alto Cannabis Dispensary,https://altocanna.nyc,NY,rec+medical
Aspire Ithaca,https://aspirecannabis.org,NY,rec+medical
August Cake,https://augustcake.com,NY,rec+medical
Awake,https://awakeus.co,NY,rec+medical
Be.,https://bestores.com,NY,rec+medical
Beleaf,https://beleafny.com,NY,rec+medical
Budega,https://budega.nyc,NY,rec+medical
Buzzy,https://getbuzzy.com,NY,rec+medical
Cannabist,https://gocannabist.com,NY,rec+medical
Cannalicious,https://cannaliciousnyc.com,NY,rec+medical
Cannavita,https://cannavita.us,NY,rec+medical
Chronic Brooklyn,https://chronicbrooklyn.com,NY,rec+medical
Conbud,https://conbud.com,NY,rec+medical
Culture House,https://culturehousenyc.com,NY,rec+medical
Curaleaf,https://ny.curaleaf.com,NY,rec+medical
Dank Bank,https://dankbankny.com,NY,rec+medical
Dazed,https://dazed.fun,NY,rec+medical
Diamond Tree Dispensary,https://diamondtreedispensary.com,NY,rec+medical
Dispo,https://dispostore.com,NY,rec+medical
Domes Dispensary,https://domesdispensary.com,NY,rec+medical
Edge Off,https://edgeoff.nyc,NY,rec+medical
Elevation HQ New York Cannabis Dispensary Weed Delivery,https://elevationhqnyc.com,NY,rec+medical
etain,https://etainhealth.com,NY,rec+medical
Fp Wellness,https://fpwellnessny.com,NY,rec+medical
Good Grades,https://goodgradesnyc.com,NY,rec+medical
Gotham,https://gotham.nyc,NY,rec+medical
Green Genius NYC,https://greengeniusnyc.com,NY,rec+medical
Herbarium Queens,https://herbarium.la,NY,rec+medical
Herbwell,https://herbwellcannabis.com,NY,rec+medical
High Peaks Canna,https://highpeakscanna.com,NY,rec+medical
High Points Dispensary,https://highpointsdispensary.net,NY,rec+medical
High Tidez,https://hightidezci.com,NY,rec+medical
Hii Cannabis Dispensary,https://hiinyc.com,NY,rec+medical
Housing Works Cannabis Co,https://hwcannabis.co,NY,rec+medical
Inhale Cannabis Club,https://inhalecannabisclub.com,NY,rec+medical
JackPot Recreational Cannabis Dispensary NY,https://jackpotcannabisdispensary.com,NY,rec+medical
Kings House Of Fire,https://kingshouseoffire.com,NY,rec+medical
Leafy Wonders,https://leafywonders.com,NY,rec+medical
Lenox Hill Cannabis Co.,https://lenoxhillcannabis.com,NY,rec+medical
Liberty Buds,https://libertybudsnyc.com,NY,rec+medical
Loudpack Exotics,https://loudpackexotics.com,NY,rec+medical
Matawana,https://matawanany.com,NY,rec+medical
Meat & Company,https://meatandcompanynisky.com,NY,rec+medical
Millennial Girl,https://g3tlit.com,NY,rec+medical
Munchies Dispensary NY,https://munchiesdispensaryny.com,NY,rec+medical
Natural ReLEAF,https://thenaturalreleaf.com,NY,rec+medical
Nug Hub,https://nughubny.com,NY,rec+medical
Organically Connected,https://organicallyconnected.shop,NY,rec+medical
Pharm.NYC,https://pharm.nyc,NY,rec+medical
Puro Vita,https://purovita.com,NY,rec+medical
Raven's Joint,https://ravensjoint.com,NY,rec+medical
Renaissant,https://renaissant.nyc,NY,rec+medical
RNR Dispensary,https://rnrdispensary.com,NY,rec+medical
Royale Flower,https://royaleflower.com,NY,rec+medical
Sanctuary Garden,https://thesanctuarygarden.co,NY,rec+medical
Sky High Club,https://skyhighclubnyc.com,NY,rec+medical
Standard Dose,https://standarddose.com,NY,rec+medical
The Flowery,https://thefloweryny.com,NY,rec+medical
The Phinest Buds,https://thephinestbuds.com,NY,rec+medical
The Spot Dispensary,https://thespotdispensary.com,NY,rec+medical
The Travel Agency,https://thetravelagency.co,NY,rec+medical
TreeHead Culture,https://treeheadculture.comtreehead culture,NY,rec+medical
Union Square Travel Agency,https://unionsquaretravelagency.com,NY,rec+medical
Upstate Canna Co,https://upstate-canna.co,NY,rec+medical
Urban Weeds,https://urbanweedsny.com,NY,rec+medical
VedaLeaf,https://vedaleaf.com,NY,rec+medical
Verdi Cannabis,https://verdicannabis.com,NY,rec+medical
Verona Collective,https://veronacollective.com,NY,rec+medical
Vireo Health,https://vireohealth.com,NY,rec+medical
Yerba Buena,https://yerbabuena.nyc,NY,rec+medical
Attis Trading Company,https://attistrading.com,OR,rec
Big Bhang,https://bigbhangor.com,OR,rec
Bridge City Collective,https://bridgecitycollective.com,OR,rec
Broadway Cannabis Market,https://broadway-cannabis.com,OR,rec
Brothers Cannabis Club,https://brothers-cannabis.com,OR,rec
Calyxes,https://calyxes.com,OR,rec
"Cannabliss & Company, Sorority House",https://cannablissandco.com,OR,rec
Chalice Farms,https://chalicefarms.com,OR,rec
Chronix Dispensary,https://chronixpdx.com,OR,rec
Deanz Greenz Dispensary,https://deanzgreenz.shop,OR,rec
Deep Roots,https://deeprootscannabis.com,OR,rec
Diamond Tree,https://diamondtreeclub.com,OR,rec
Discovery Cannabis,https://discoverycannabis.co,OR,rec
Dr. Jolly's,https://jollybend.com,OR,rec
Eden Cannabis,https://edencraftcannabis.com,OR,rec
Electric Lettuce,https://electriclettuce.com,OR,rec
Elev8 Cannabis,https://elev8cannabis.com,OR,rec
Emerald Triangle,https://et-talent.squarespace.com,OR,rec
Eugene OG,https://eugeneog.com,OR,rec
Eugreen Health Center,https://eugreenhealth.com,OR,rec
Farma,https://farmapdx.com,OR,rec
Five Zero Trees,https://fivezerotrees.com,OR,rec
Floyd's Fine Cannabis on Broadway,https://mytrucannabis.com,OR,rec
Foster Buds,https://fosterbuds.com,OR,rec
Green Cross,https://skibend.com,OR,rec
Green Goddess Remedies,https://greengoddessrx.com,OR,rec
Green Knottz,https://greenknottz.com,OR,rec
Green Life Oregon,https://greenlifeoregon.com,OR,rec
Green Oasis,https://greenoasiscannabis.org,OR,rec
Gräs,https://grasdispensary.com,OR,rec
Happy Leaf,https://happyleafportland.com,OR,rec
HD Botanicals,https://hdbotanicals.com,OR,rec
Higher Ground,https://highergroundoregon.com,OR,rec
Holy Grail Pharms,https://holygrailpharms.com,OR,rec
Human Collective,https://humancollective.org,OR,rec
Hush Dispensary,https://hushdispensary.com,OR,rec
Kaleafa Cannabis Company - Beaverton,https://kaleafa.com,OR,rec
Kaya Shack,https://kayashack.com,OR,rec
Kind Heart Collective,https://kindheartcollective.com,OR,rec
Kings of Canna,https://thekingsofcanna.com,OR,rec
Lifted Northwest,https://lifted-northwest.business.site,OR,rec
Little Amsterdam,https://littleamsterdampdx.com,OR,rec
Local Leaf,https://localleaf420.com,OR,rec
Lucky Lion Dispensary,https://luckylionpdx.com,OR,rec
Marijuana Paradise,https://paradisepdx.com,OR,rec
Maritime Cafe,https://maritimedispensary.com,OR,rec
Medication Station,https://themedicationstations.com,OR,rec
Mind Rite,https://mindritepdx.com,OR,rec
Mint Cannabis Co.,https://mint-cannabis.com,OR,rec
Moss Crossing,https://mosscrossing.com,OR,rec
Mr. Nice Guy,https://mrniceguyretail.com,OR,rec
Natural Remedies,https://naturalremedieseast.com,OR,rec
Nectar - Beaverton Allen,https://nectar.store,OR,rec
New Millennium Cannabis,https://newmillenniumeugene.wm.store,OR,rec
Northwest Cannabis Company,https://northwestcannabis.com,OR,rec
Northwest Compassion Medical Center,https://nwcompassionmedicalcenter.com,OR,rec
Ocean Grown Cannabis Company,https://medforddispensary.co,OR,rec
OG Collective Dispensary - Commercial,https://orderog.com,OR,rec
Oregon Bud Company,https://oregonbc.com,OR,rec
Oregon Euphorics,https://oregoneuphorics.com,OR,rec
Oregon Western Dispensary,https://westernoregondispensary.com,OR,rec
Oregon's Herbal Remedies,https://ohrveneta.com,OR,rec
Oregon’s Best Buds,https://orbestbuds.com,OR,rec
Papa Buds,https://papabuds.store,OR,rec
Parlour Cannabis Shoppe,https://parlourcannabis.com,OR,rec
Pipe Dreams Dispensary,https://pipedreamsdispensary.com,OR,rec
Plantae,https://plantaehealth.com,OR,rec
Portland,https://thepotland.co,OR,rec
Portland Canna Connection,https://portlandcannabis.com,OR,rec
Portland Extracts,https://portlandextracts.com,OR,rec
Prohibition Falls Cannabis,https://prohibitionfallsoregon.com,OR,rec
Puddletown Organics,https://puddletownorganics.com,OR,rec
Quick Stop Cannabis,https://quickstopcannabis.com,OR,rec
Redbarn Dispensary,https://redbarndispensary.com,OR,rec
Refinery,https://refinerypdx.com,OR,rec
ReUp,https://re-uporegon.com,OR,rec
RJ's Leaf,https://rjsleaf.com,OR,rec
RKO,https://rko420.com,OR,rec
Rose City Wellness,https://rosecitywellnesscenter-public.sharepoint.com,OR,rec
Serra Dispensary,https://shopserra.com,OR,rec
Sin 710,https://sin710.com,OR,rec
SnugZ Dispensary,https://snugzdispensary.com,OR,rec
SpaceBuds,https://spacebudsthedispensary.com,OR,rec
Sweet Relief,https://sweetrelief420.com,OR,rec
Talent Health Club,https://talenthealthclub.com,OR,rec
Terpene Station,https://terpsstation.com,OR,rec
The Arboretum,https://arboretumflorence.com,OR,rec
The CDC,https://thecdcllc.com,OR,rec
The Flowershop,https://theflowershop.net,OR,rec
The Green Remedy,https://thegreenremedy.com,OR,rec
The Greener Side,https://keepeugenegreen.org,OR,rec
The Spot Cannabis Collective,https://thespotdispensaries.com,OR,rec
The Tree House Collective (THC),https://pdxtreehouse.com,OR,rec
Thurman Street Collective,https://thurmancollective.com,OR,rec
TJ's Provisions,https://tjsprovisions.com,OR,rec
Today's Herbal Choice Milwaukie,https://thcmilwaukie.com,OR,rec
Tokyo Starfish,https://tokyostarfish.com,OR,rec
Top Shelf Medicine,https://topshelfmedicine.com,OR,rec
Top Shelf | Wellness Center,https://topshelfwellnesscenter.com,OR,rec
TreeHouse Collective,https://treehousecollectivepdx.com,OR,rec
Tumbleweed Cannabis Co.,https://tumbleweedhines.business.site,OR,rec
Ultra Trimmer,https://ultratrimmer.com,OR,rec
Verde,https://verde420.com,OR,rec
Yesca Cannabis Company,https://yelp.com,OR,rec
Zion Cannabis,https://zioncannabis.com,OR,rec
2020 Solutions,https://2020-solutions.com,WA,rec
52nd Glass Shop,https://52nd.glass,WA,rec
Agate Dreams,https://agatedreams.com,WA,rec
Altitude MJ,https://altitudemj.com,WA,rec
Anacortes Cannabis,https://anacortescannabis.com,WA,rec
Bakeréé,https://thebakereeseattle.com,WA,rec
Birch Bay Budz,https://birchbaybud.com,WA,rec
Buddy's,https://buddys-wa.com,WA,rec
Budeez,https://budeezbremerton.com,WA,rec
Canazone,https://cannazonebellingham.com,WA,rec
Canna West Seattle,https://cannawestseattle.com,WA,rec
Cannazone,https://cannazone.com,WA,rec
Cascade Herb Company,https://cascade-herb.com,WA,rec
Cascade Kropz,https://cascadekropz.net,WA,rec
Cathlamet Cannabis Company,https://cathlametcannabis.com,WA,rec
Cesars Salad,https://cesarssalad.com,WA,rec
Clear Choice Cannabis,https://findclearchoice.com,WA,rec
Dank's,https://menu.dankswarehouse.com,WA,rec
Dank's Wonder Emporium,https://dankswarehouse.com,WA,rec
Destination HWY 420,https://destinationhwy420.com,WA,rec
Diego Pellicer,https://wa.diego-pellicer.com,WA,rec
Dockside Cannabis,https://docksidecannabis.com,WA,rec
Evergreen Market,https://theevergreenmarket.com,WA,rec
Fillabong,https://fillabonginc.com,WA,rec
Fire and Frost Cannabis Dispensary,https://fireandfrostcannabis.com,WA,rec
Flower and Weed,https://flowerandweed.com,WA,rec
Floyd's Cannabis Company,https://floyds-cannabis.com,WA,rec
Forbidden Cannabis Club,https://forbiddencannabisclub.com,WA,rec
Freeland Cannabis,https://freelandcannabis.com,WA,rec
Green Life NW,https://greenlifenw.com,WA,rec
Green Stop Cannabis LLC,https://greenstopco.wixsite.com,WA,rec
Greenside Recreational Seattle,https://greensiderec.com,WA,rec
Hangar 420 Glass and Goods,https://hangar420snohomish.com,WA,rec
Happy Time,https://happytimeweed.com,WA,rec
Hashtag Cannabis and Supply Company,https://shop.seattlehashtag.com,WA,rec
Have a Heart,https://haveaheartcc.com,WA,rec
Herbn Elements,https://herbnelements.com,WA,rec
Herbs House,https://herbshouse.org,WA,rec
High Society Bellingham,https://420highsociety.com,WA,rec
Higher Leaf Cannabis Redmond - Avondale,https://higherleaf.com,WA,rec
Issaquah Cannabis Company,https://issaquahcannabiscompany.com,WA,rec
Kemp’s Cannabis,https://kempscannabis.com,WA,rec
Kush 21,https://kush21.com,WA,rec
Lidz Cannabis North Spokane,https://lidzcannabis.com,WA,rec
Loving Farms,https://lovingfarmsmj.com,WA,rec
Lucid Cheney,https://c9cannabisco.com,WA,rec
Lux,https://luxpotshop.com,WA,rec
Main Street Marijuana,https://mainstmj.com,WA,rec
Mary Jane's House of Grass,https://mjhouseofgrass.com,WA,rec
New Vansterdam,https://newvansterdam.com,WA,rec
Origins Cannabis,https://originscannabis.com,WA,rec
Paper and Leaf,https://paperandleaf.com,WA,rec
Piece of Mind Cannabis,https://pomcannabis.com,WA,rec
Pot Shop Seattle,https://potshopseattle.co,WA,rec
Remedy Tulalip,https://remedytulalip.com,WA,rec
Seaweed Cannabis,https://seaweedcannabis.com,WA,rec
Smuggler Brothers Marijuana Mercantile,https://smugglerbrothers.com,WA,rec
Sweet Greens NW,https://sweetgreensnw.com,WA,rec
The Firehouse NW,https://firehousenw.com,WA,rec
The Green Nugget,https://greennuggetspokane.com,WA,rec
The Herbery,https://theherberynw.com,WA,rec
The Joint Recreational & Medical Marijuana Dispensary,https://thejointllc.com,WA,rec
The M Store,https://themstore.net,WA,rec
The Novel Tree - Bremerton,https://novel-tree.com,WA,rec
The Pacific Outpost,https://thepacificoutpost.com,WA,rec
The Reef Cannabis Dispensary,https://thereefstores.com,WA,rec
The Weed Shack,https://theweedshack502.com,WA,rec
TJ's Cannabis,https://tjscannabis.com,WA,rec
Trippy Hippie Cannabis,https://trippyhippiecannabis.com,WA,rec
Trove Cannabis,https://trovecannabis.com,WA,rec
Uncle Ike's,https://ikes.com,WA,rec
Western Bud,https://westernbud.com,WA,rec
